NOM PM,Niveau 1,Niveau 2,Manager,BES/BSP
FRADELIE,Spécialités,Rubber,C. Cruaud,BSP
FRAROUYER,Divers,B&S/Cross selling,JF.Gonzalez,BES
FRAMFRANCOIS,PMF,Autres,Divers,BES
FRCPIVIN,Spécialités,Pharma,M. Tomljanovic,BSP
FRDDANJEAN,Spécialités,Cleaning,Y.Billet,BSP
FRFJOUANNE,Divers,B&S/Cross selling,JF.Gonzalez,BES
FRLCASERUS,PMF,SOLVANT,L. Noel,BES
FRGFAUDEMER,Divers,Aero,M.Bardollet,BES
FREMORENO,Spécialités,Case,L.Ricard,BSP
FRJFGONZALEZ,Divers,B&S/Cross selling,JF.Gonzalez,BES
FRLADRAGNA,Divers,B&S/Cross selling,JF.Gonzalez,BES
FRLBOUYA,PMF,MINERAL,C. Stella,BES
FRLSCHOUTTET,Divers,B&S/Cross selling,JF.Gonzalez,BES
FRMDELAMARE,Spécialités,Cleaning,Y.Billet,BSP
FRMNAUDIN,Spécialités,Cleaning,Y.Billet,BSP
FRNLOUATI,Spécialités,Food,Q.Brouet,BSP
FRGPICOT,PMF,SOLVANT,L. Noel,BES
FRCTRZEBOWSK,Divers,Emballage,C. Trzebowski,BES
FRRCARER,Spécialités,Cosmetics,D.Moutoucarpin,BSP
FRLNOEL,PMF,SOLVANT,L. Noel,BES
FRSFODIL,Spécialités,Polymers,C. Cruaud,BSP
FRLRICARD,Spécialités,Case,L.Ricard,BSP
FRSSERRAI,PMF,MINERAL,C. Stella,BES
FRWBOISSY,Spécialités,Food,Q.Brouet,BSP
FRYBILLET,Spécialités,Cleaning,Y.Billet,BSP
FRCPATAILLE,Divers,B&S/Cross selling,JF.Gonzalez,BES
FRLBLOMME,Divers,B&S/Cross selling,JF.Gonzalez,BES
FRLMICHTCHEN,Spécialités,Food,Q.Brouet,BSP
FRABOUFRAIN,PMF,SOLVANT,L. Noel,BES
FRCFLOUR,Spécialités,Animal Nutrition,B.Gaeremynck,BSP
FRMPERSON,PMF,GEN CHEM,C. Stella,BES
FRARAIES,Spécialités,Polymers,C. Cruaud,BSP
FRCSTELLA,PMF,GEN CHEM,C. Stella,BES
FRPGOBIN,Water Treatment,Water Treatment,O.Bernez,BES
FRAGAY,Spécialités,Rubber,C. Cruaud,BSP
FRCSANGRADOR,Divers,Autres,M.Bardollet,BES
FRLALEXANDRE,PMF,OLEO CHIMIE,C. Stella,BES
FRCADESCAMPS,Spécialités,Food,Q.Brouet,BSP
FRMCBAREGE,Spécialités,Case,L.Ricard,BSP
Non affecté,NON DETERMINE,Autres,Non affecté,BES
FRMBENHAMMOU,Divers,B&S/Cross selling,JF.Gonzalez,BES
FRCBELLINO,Spécialités,Food,Q.Brouet,BSP
FRHPHILIPPON,Spécialités,Cleaning,Y.Billet,BSP
FRLHING,PMF,GEN CHEM,C. Stella,BES
FRTBRIENS,Spécialités,Food,Q.Brouet,BSP
FRLSAINTILAN,Spécialités,Case,L.Ricard,BSP
FRCKOUSSAIFI,Spécialités,Animal Nutrition,B.Gaeremynck,BSP
FRSDUBACQ,PMF,GEN CHEM,C. Stella,BES
FREDEHERTOGH,Divers,B&S/Cross selling,JF.Gonzalez,BES
FRIBOUDENIA1,Spécialités,Cleaning,Y.Billet,BSP
FRIBOUDENIA2,Spécialités,Cleaning,Y.Billet,BSP
FRMCHEBBI,PMF,MINERAL,C. Stella,BES
FRRWARD,Spécialités,Cosmetics,D.Moutoucarpin,BSP
PM Prestations,Divers,Autres,Divers,BES
FRJPOUCHET,PMF,SOLVANT,L. Noel,BES
FRJERLACHER,Spécialités,Pharma,M. Tomljanovic,BSP
FRLRUCK,Spécialités,Pharma,M. Tomljanovic,BSP
FRYSABRO,PMF,Yassine SABRO,Divers,BES
FRCALEXANDRE,Divers,B&S/Cross selling,JF.Gonzalez,BES
FRSWALLYN,Spécialités,Case,L.Ricard,BSP
FRMBUYSSCHAERT,Spécialités,Case,L.Ricard,BSP
FRPPINTOR,Divers,Autres,C.Piotr,BES
FRCMULLER,Spécialités,Cosmetics,D.Moutoucarpin,BSP
FRMCSAM,Spécialités,Case,L.Ricard,BSP
FRRSHAUKAT,Divers,Emballage,R. Shaukat,BES
FRCDERORE,Spécialités,Food,Q.Brouet,BSP
FRMSENECHAL,Spécialités,Food,Q.Brouet,BSP
FRAHAINE,Spécialités,Case,L.Ricard,BSP
FRIBOUDENIA,Spécialités,Cleaning,Y.Billet,BSP
DO NOT USE,Divers,Autres,Divers,BES
FRAMATIJASIC,Spécialités,Pharma,M. Tomljanovic,BSP
FRCKETTLER,Divers,B&S/Cross selling,JF.Gonzalez,BES
FRNCHAGNEUX,Spécialités,Polymers,C. Cruaud,BSP
FRYHELLAL,PMF,GEN CHEM,C. Stella,BES
