Code Gest.,Gestionnaire,Approvisionneur
001,DO NOT USE,Do not use
AER,AERO S. Belliard,AERO
BBS,Appro BBS A BREQUI,BBS
F14,DIRECT FR14,Aziz ZIANE
GC1,Emery Batala,Diana Carolina LOPEZ RODRIGUEZ
GC2,Alexis Pisias,Diana Carolina LOPEZ RODRIGUEZ
GC3,Carolina LOPEZ,Diana Carolina LOPEZ RODRIGUEZ
GC4,Gregory Dewaele,Diana Carolina LOPEZ RODRIGUEZ
GC5,Youssef HELLAL,Diana Carolina LOPEZ RODRIGUEZ
GC6,Fabrice Verrouil,Diana Carolina LOPEZ RODRIGUEZ
GC7,Ismail Raji,Diana Carolina LOPEZ RODRIGUEZ
GC8,Monique Pok,Diana Carolina LOPEZ RODRIGUEZ
MI1,Sanata Coulibaly,Aziz ZIANE
MI2,Johan Morel,Aziz ZIANE
MI3,Julien GAUTIER,Aziz ZIANE
MI4,Karine TRAYNARD,Aziz ZIANE
OP2,OP FR02 C GRANDON,Gianni ROY
OP5,FR05  SANGKHAVONGS,Gianni ROY
OP7,OP FR07 MIN H MBU,Yacine BEN ZINA
OP8,OP FR08 K GUILL,Gianni ROY
OP9,OP FR09 P PICARD,Yacine BEN ZINA
OPA,OP FR10 Y MATHIEU,Gianni ROY
OPB,OP FR11 F GUILLAUM,Gianni ROY
OPC,OP FR12 F JARDI,Gianni ROY
OPD,OP FR13 T NICOULEA,Gianni ROY
OPE,OP FR15 MIN V KHOV,Yacine BEN ZINA
OPF,OP FR15 SOL T ROG,Yacine BEN ZINA
OPG,OP FR15 BBS PDR VH,Yacine BEN ZINA
OPH,OP FR15 LABO B VIL,Yacine BEN ZINA
OPI,OP FR07 SOL A CARD,Yacine BEN ZINA
OPJ,OP FR07 F&S E LIMO,Yacine BEN ZINA
OPK,OP FR17 N TOLASSY,Gianni ROY
OPN,OP FR15 BBS LIQ VH,Yacine BEN ZINA
OPO,OP FR15 BBS DIV AB,Yacine BEN ZINA
OPP,OP FRS9 L ZEROUAL,Yacine BEN ZINA
OPQ,OP FR29 L ZEROUAL,Yacine BEN ZINA
OPR,OP FRS4 L ZEROUAL,Gianni ROY
OPS,OP FR23 T BOIDARD,Yacine BEN ZINA
PAA,Christelle VERMAND,Yacine BEN ZINA
PAB,Guylaine DELACOURT,Yacine BEN ZINA
PAC,Nathalie BOUVET,Gianni ROY
PAE,Sylvine MARQUES,Yacine BEN ZINA
SO1,Neila DUVEAU,Aziz ZIANE
SO2,Chrystelle Kemby,Aziz ZIANE
SO3,Andry RAMALANJAONA,Aziz ZIANE
SO4,Laetitia TJAHE,Aziz ZIANE
